track_id,track_name,track_artist,lyrics,track_popularity,track_album_id,track_album_name,track_album_release_date,playlist_name,playlist_id,playlist_genre,playlist_subgenre,danceability,energy,key,loudness,mode,speechiness,acousticness,instrumentalness,liveness,valence,tempo,duration_ms,language
0017A6SJgTbfQVU2EtsPNo,Pangarap,Barbie's Cradle,Minsan pa Nang ako'y napalingon Hindi ko alam Na ika'y tutugon Sa mga tanong na aking nabitawan Hindi ko alam kung ito'y totoo Pangarap ka Sa bawat sandali Langit man ang tingin ko Sayo sana'y marating Hanggang dito na lang yata Ang kaya kong gawin Mangarap na lang At bumulong sa hangin Kailan kaya Darating ulit ang isang Sandali Na ako'y lilingon muli Pangarap ka o tinig mong kay lamig Ang iyong mga ngiti na sa akin ay Nakapagbigay pansin (Ikaw ba ay isang pangarap lang) Pangarap ka o tinig mong kay lamig Ang iyong mga ngiti Na sa akin ay Nakapagbigay... Pangarap ka o tinig mong kay lamig Ang iyong mga ngiti Na sa akin ay Nakapagbigay Pangarap ka o tinig mong kay lamig Ang iyong mga ngiti Na sa akin ay Nakapagbigay pansin,41,1srJQ0njEQgd8w4XSqI4JQ,Trip,2001-01-01,Pinoy Classic Rock,37i9dQZF1DWYDQ8wBxd7xt,rock,classic rock,0.682,0.401,2,-10.068,1,0.0236,0.279,0.0117,0.0887,0.5660000000000001,97.091,235440,tl
004s3t0ONYlzxII9PLgU6z,I Feel Alive,Steady Rollin,"The trees, are singing in the wind The sky blue, only as it can be And the angels, smiled at me I saw you, in that lonely bench At half past four, I kissed your soft soft hands and at 6 I kissed your lips and the angels smiled, I thought Hey I feel alive! The park sign, said it was closed And we jumped that fence with no cares at all and we kissed under a tree We danced, under the midnight sun And I loved you, without knowing you at all and we laughed and felt so free and the angels they smiled, I thought Hey, I feel alive!",28,3z04Lb9Dsilqw68SHt6jLB,Love & Loss,2017-11-21,Hard Rock Workout,3YouF0u7waJnolytf9JCXf,rock,hard rock,0.303,0.88,9,-4.739,1,0.0442,0.0117,0.00994,0.347,0.404,135.225,373512,en
00chLpzhgVjxs1zKC9UScL,Poison,Bell Biv DeVoe,"NA Yeah, Spyderman and Freeze in full effect Uh-huh You ready, Ron? I'm ready You ready, Biv? I'm ready, Slick, are you? Oh, yeah, break it down NA Girl, I, must (warn you) I sense something strange in my mind Situation is (serious) Let's cure it cause we're running out of time It's oh, so (beautiful) Relationships they seem from the start It's all so (deadly) When love is not together from the heart It's drivin' me out of my mind! That's why it's HARD for me to find Can't get it out of my head! Miss her, kiss her, love her(Wrong move you're dead!) That girl is (poison)...Never trust a big butt and smile That girl is (poison)..(""POISON!!"") NA (-caution) Before I start to meet a fly girl, you know? Cause in some (portions) You'll think she's the best thing in the world She's so - (fly) She'll drive you right out of your mind And steal your heart when you're blind Beware she's schemin', she'll make you think you're dreamin' YOU'LL fall in love and you'll be screamin', demon, HOO.. Poison, deadly, movin' in slow Lookin for a mellow fellow like DeVoe Gettin paid, laid, so better lay low Schemin on house, money, and the whole show The low pro ho she'll be cut like an aaa-FRO See what you're sayin', huh, she's a winner to you But I know she's a loser (How do you know?) Me and the crew used to do her! ""POISON!"" ""POISON!"" ""POISON!"" ""POISON!"" ""POISON!"" ""POISON!"" ""POISON!"" ""POISON! ""POISON!"" ""POISON!"" ""POISON!"" ""POISON! ""POISON!"" ""POISON!"" ""POISON!"" ""POISON! I was at the park, shake, breakin and takin 'em all And that night, I played the wall Checkin' out the fellas, the highs and lows Keepin' one eye open, still clockin' the hoes There was one particular girl that stood out from the rest Poison as can be, the high power chest Michael Biv here and I'm runnin' the show Bell, Biv DeVoe ..now you know! Yo, Slick, blow.. It's drivin' me out of my mind! That's why it's HARD for me to find Can't get it out of my head! Miss her, kiss her, love her(Wrong move you're dead!) That girl is (poison)...Never trust a big butt and smile That girl is (poison)..(""POISON!!"") Yo' fellas, that was my end of.. You know what I'm sayin', Mike? Yeah, B.B.D. in full effect Yo', wassup to Ralph T and Johnny G And I can't forget about my boy, B. Brown And the whole NE crew Poison.. NA",0,6oZ6brjB8x3GoeSYdwJdPc,Gold,2005-01-01,"Back in the day - R&B, New Jack Swing, Swingbeat, RNB..etc.",3a9y4eeCJRmG9p4YKfqYIx,r&b,new jack swing,0.845,0.652,6,-7.504,0,0.216,0.00432,0.0072299999999999,0.489,0.65,111.904,262467,en
00cqd6ZsSkLZqGMlQCR0Zo,Baby It's Cold Outside (feat. Christina Aguilera),CeeLo Green,"I really can't stay Baby it's cold outside I've got to go away Baby it's cold out there This evening has been Been hoping that you'd drop in So very nice I'll hold your hands, they're just like ice My mother will start to worry Beautiful, what's your hurry? My father will be pacing the floor Listen to that fireplace roar So really I'd better scurry Beautiful, please don't hurry Well maybe just a half a drink more Why don't you put some records on while I pour The neighbors might think Baby, it's bad out there Say, what's in this drink? No cabs to be had out there I wish I knew how Your eyes are like starlight To break the spell I'll take your hat, your hair looks swell I ought to say no, no, no, sir Mind if I move in closer? At least I'm gonna say that I tried What's the sense in hurting my pride? I really can't stay Baby don't hold out Baby it's cold outside I simply must go See that it's cold outside The answer is no I said it's cold out there This welcome has been How lucky that you dropped in So nice and warm Look out the window at that storm My sister will be suspicious Gosh, your lips look delicious My brother will be there at the door Waves upon a tropical shore My maiden aunt's mind is vicious Oh, your lips are delicious Maybe just a cigarette more Never such a blizzard before Hey I've got to go home Baby, you'll freeze out there Say, lend me your coat It's up to your knees out there You've really been grand I'm thrilled when you touch my hand But don't you see How can you do this thing to me? There's bound to be talk tomorrow Think of my life long sorrow At least there will be plenty implied If you caught pneumonia and died I really can't stay Get over that old lie Baby, baby it's cold outside",41,3ssspRe42CXkhPxdc12xcp,CeeLo's Magic Moment,2012-10-29,Christmas Soul,6FZYc2BvF7tColxO8PBShV,r&b,neo soul,0.425,0.378,5,-5.819,0,0.0341,0.6890000000000001,0.0,0.0664,0.405,118.593,243067,en
00emjlCv9azBN0fzuuyLqy,Dumb Litty,KARD,Get up out of my business You don't keep me from turning up Î™®Îëê Îã§ Ïó¨Í∏¥ Witness ÎÑå‚ÄÖÎ∞îÎ•∏‚ÄÖÏ≤ôÌïòÎäî Criminal Ï∞îÎ¶¨Îäî Í±∏‚ÄÖYou feel it ÎÑà ÎÑ§Í∞Ä Î≠îÎç∞ Ïôú ÏÜîÏßÅÌïòÏßÄ‚ÄÖÎ™ªÌï¥ ÎÑå Îã§Î•º Í±¥ ÎåÄÏ≤¥ Î≠îÎç∞ aye Bad boy Í∑∏Îûò ÎÇú Bad boy ÏÉùÍ∞ÅÌï¥ ÎÑ§Í∞Ä ÌïòÍ≥†Ìîà ÎåÄÎ°ú That boy Í∑∏Îûò ÎÇú That boy Î™®Î•¥Î©¥ ÎØøÍ≥† Ïã∂ÏùÄ ÎåÄÎ°ú Nothing ‚Äòbout me nada you don't know Nothing ‚Äòbout me not a thing ÏöïÏùÑ ÌïòÎäî Ïù¥Ïú§ Îã§ ÏûàÎäî Í±∞Ïïº ÎÇò ÏïÑÎãå ÎÑà ÏïàÏóê Cause we Party yeah we party we don't worry ‚Äòbout the drama no Body Everybody Ïö∞Î¶∞ ÏïÑÏπ®ÍπåÏßÄ Wilding up Ïã†Í≤Ω Ïì∏Í±¥ Îî∞Î°ú ÏïÑ Î™∞Îùº Ïò§Îäò Îã§ ÏßëÏñ¥ÏπòÏõå ÎààÏπò Î≥¥ÏßÄ ÎßêÍ≥† Volume up up up We go dumb dumb dumb dumb ÎàÑÍ∞Ä Î≠êÎûòÎèÑ Litty dumb Litty dumb litty Bang the drum Í∞à ÎïåÍπåÏßÄ Baby stupid Stupid dumb dumb dumb dumb ÎàÑÍ∞Ä Î≠êÎûòÎèÑ Litty dumb Litty dumb litty Bang the drum Í∞à ÎïåÍπåÏßÄ Baby we go Î™∞ÏûÖÌïòÎãà Îàà Î™∞Î¶¨Îäî Ïù¥Ïπò ÏãúÏãúÏΩúÏΩú Î¨¥Î£åÌï®ÏùÑ ÏôÑÏ∂©Ìï¥ ÎÇ¥ÌÇ§Î©¥ Í≥ßÏû• Dumb litty Ïù¥ ÎÖ∏ÎûòÍ∞Ä ÌùêÎ¶Ñ Come get it Drippin' Ïó¨Í∏∞ Ï£ºÎèÑÍ∂åÏùÑ Grip than Í±∞Î¶¨ÎÇå ÌóàÎ¨ºÏñ¥ Let's go party ÎèåÎ≥ÄÌï®ÏùÄ Îïå ÎïåÏóê Îî∞Îùº ÏïÑÎ¨¥Î†¥ Ïñ¥Îïå ÍπåÎ¨¥Îü¨ÏπòÍ≤å ÎçîÎ∂àÏñ¥ Ï¶êÍ≤® ÏÇ¨Îäî Í±∞ÏßÄ My way follow nobody Party yeah we party we don't worry ‚Äòbout the drama no Body Everybody Ïö∞Î¶∞ ÏïÑÏπ®ÍπåÏßÄ Wilding up Ïã†Í≤Ω Ïì∏Í±¥ Îî∞Î°ú ÏïÑ Î™∞Îùº Ïò§Îäò Îã§ ÏßëÏñ¥ÏπòÏõå ÌÑ∞ÏßÄÍ≤å Îçî Ïò¨Î†§ Volume up up up We go dumb dumb dumb dumb ÎàÑÍ∞Ä Î≠êÎûòÎèÑ Litty dumb Litty dumb litty Bang the drum Í∞à ÎïåÍπåÏßÄ Baby stupid Stupid dumb dumb dumb dumb ÎàÑÍ∞Ä Î≠êÎûòÎèÑ Litty dumb Litty dumb litty Bang the drum Í∞à ÎïåÍπåÏßÄ Baby we go Ïà®Ïù¥ Ï∞®Ïò¨Îùº ÎÇ¥ Ïã¨Ïû•ÏùÑ Ï£ÑÏó¨ Ïù¥Ï†† ÌíÄÏñ¥ ÎÇòÏùò ÏÇ¨Ïä¨ And I wake up Ïò§Îäò Î∞§ ÏßÄÎÇò Ìï¥Í∞Ä Îú∞ ÎïåÍπåÏßÄ Í≥ÑÏÜç Up (Go dumb) ÎÇ¥Ïùº ÏùºÏùÄ ÎÇ¥Ïùº uh ÎÅùÏù¥ ÎÇú ÎìØ Ï†ÄÏßàÎü¨ We go dumb dumb dumb dumb ÎàÑÍ∞Ä Î≠êÎûòÎèÑ Litty dumb Litty dumb litty Bang the drum Í∞à ÎïåÍπåÏßÄ Baby stupid Stupid dumb dumb dumb dumb ÎàÑÍ∞Ä Î≠êÎûòÎèÑ Litty dumb Litty dumb litty Bang the drum Í∞à ÎïåÍπåÏßÄ Baby we go Litty dumb litty Bang the drum Í∞à ÎïåÍπåÏßÄ Baby we go,65,7h5X3xhh3peIK9Y0qI5hbK,KARD 2nd Digital Single ‚ÄòDumb Litty‚Äô,2019-09-22,K-Party Dance Mix,37i9dQZF1DX4RDXswvP6Mj,pop,dance pop,0.76,0.887,9,-1.993,1,0.0409,0.037,0.0,0.138,0.24,130.018,193160,en
00f9VGHfQhAHMCQ2bSjg3D,Soldier,James TW,"Hold your breath, don't look down, keep trying Darling, it's okay to be scared, it's frightening At times it just feels like the world is trying hard to knock us down But there's a reason that we're still here but no one else is around How we've grown Every single day I'm proud I swear, I won't Let anything stop us now I'm not a soldier But I'll fight through our darkest of days Get on my shoulders And I'll carry you all of the way'Cause there's no life worth living in If you're not with me in it I'm not a soldier But you make me wanna be brave Yeah, you do Through the depths of despair, we've stumbled And all that distance between us, we've crumbled We've ignored all of the rumours and jealous disapprovals And we've come out the other side with something beautiful Oh, how we've grown Every single day I'm proud And now I know There's nothing that can stop us now I'm not a soldier But I'll fight through our darkest of days Get on my shoulders And I'll carry you all of the way 'Cause there's no life worth living in If you're not with me in it I'm not a soldier But you make me wanna be brave Yeah, you do Only we know where we're going Every day we're gonna keep on growing Learning from the tears and the mistakes We're not perfect but we've come such a long way As long as I got you by my side I know what I wanna do in this life One day when our kids fall in love We can tell them that the odds were against us I'm not a soldier But I'll fight through our darkest of days Get on my shoulders And I'll carry you all of the way, woo-ooh 'Cause there's no life worth living in If you're not with me in it I'm not a soldier (Soldier) But you make me wanna be brave Yeah, you do Yeah, you do, yeah, you do But you make me wanna be brave Yeah, you do Oh yeah, you do",70,3GNzXsFbzdwM0WKCZtgeNP,Chapters,2019-04-26,urban contemporary,4WiB26kw0INKwbzfb5M6Tv,r&b,urban contemporary,0.496,0.639,6,-6.157,1,0.055,0.28,0.0,0.0975,0.305,147.764,224720,en
00FROhC5g4iJdax5US8jRr,Satisfy You,Diddy,"All I want is somebody who's gonna love me for me Somebody I can love for them All this money don't mean shit If you ain't got nobody to share it with Love rules the world, you feel me He don't understand you like I do No he'll never make love to you like I do So give it to me Cause I can show you 'bout a real love And I can promise anything that I do Is just to satisfy you When it hurt I ease the pain girl, caress your frame Get them worries off your brain girl, I'm in your corner Do what you want, it's your thing girl, I persist and try but We one in the same girl, it ain't a game So I can't play with you, I wanna lay with you Stay with you, pray with you, grow old and gray with you In good and bad times, we'll always make it through Cause what we got is true, no matter what they say to you I could straight lace you, not just appearance Stimulate your mind, strengthen your spirits Be that voice of reason when you ain't tryna hear it You want it but you fear it, but you love it when you near it Sit her on the sofa, get a little closer Touch you right, do it like a man's suppose to Knew you was the one, that's why I chose you Cause you get down for yours and ride like a soldier Your soul ain't a toy, you ain't dealin' with a boy Feel emptiness inside? I can fill that void When you spend time with your woman and listen It shines more than any baguette diamond can glisten I can't impress you with the cars and the wealth Cause any woman with will and drive can get it herself I'd rather show you it's heartfelt, make your heart melt And prove to you you're more important than anything else Worthwhile, special like my first child When I see your face it's always like the first time Our eyes met, I knew we'd be together in a tri-jet I wanna give you things that I didn't buy yet Hold you, mold you, don't know, let me show you Ain't no tellin' what we could grow to Let it be known, I told you And I'mma be there for whatever you go through, my love's true Don't let him sing you a sad song (No baby) Waiting for love like this too long (You don't have to wait, you don't have to wait on him, baby) All that you need I can give you (You don't have to wait, you don't have to wait on) I do, satisfy you (You don't have to wait on him) I'm the light when you can't see I'm that air when you can't breathe I'm that feeling when you can't leave Some doubt, some believe, some lie, cheat, and deceive So it's only you and me When you weak, I'll make you strong, here's where you belong I ain't perfect, but I promise I won't do you wrong Keep you away from harm, my love is protected I'll wrap you in my arms so you'll never feel neglected I'll just make you aware of what we have is rare In the moment of despair, I'm the courage when you're scared Loyal, down for you, soon as I saw you Wanted to be there cause I could hold it down for you Be around for you, plant seeds in the soil Make love all night, bending bed coils You're a queen, therefore I treat you royal This is all for you, cause I simply adore you until fade This one right here goes out to all my sisters",52,2dHr0LpUe6CNV5lNsr8x0W,Forever,1999-08-24,"Swingbeat (old skool), New Jack Swing, R&B, Hip Hop, Urban",3krpccUV68nBGAQbvHEZDC,r&b,new jack swing,0.764,0.594,6,-10.05,1,0.185,0.591,0.0,0.145,0.695,87.26100000000002,286441,en
00GfGwzlSB8DoA0cDP2Eit,Tender Lover,Babyface,"Feels good Everybody Tender lover Tender love Eleanor Rigby spends half her life All alone No fault of her own Made a decision Love has no place in her home Love It has a right to go Love has no limit If you believe in love It'll open up so Don't even give in 'Cause if it starts to give Just hold on We didn't didn't make it But love'll get you by If you only try Just don't give up on love 'Cause it didn't work out this time Tender lover Girl, I'm so sorry Well I never meant to hurt you I never meant to break your heart Tender love So broken hearted Well I never meant to break your Break your little tender heart Don't ever give up in spite of our love Love is much too precious It's greater than both of us There's more than enough Keep looking for love Just be a believer It'll give you what you want Sky is the limit If you believe in love It'll open up so Don't ever give in 'Cause if it starts to give Just hold on We didn't Didn't make it But love'll get you by If you only try Just don't give up on love 'Cause it didn't work out this time My tender lover Tender lover Tender love NA",36,51fAXJ5bMn7DRSunXQ6PMb,Tender Lover,1989-07-07,New Jack Swing,3ykXidKLz1eYPvuGoFlD1e,r&b,new jack swing,0.743,0.86,5,-6.346,1,0.0445,0.226,0.000422,0.0513,0.687,102.459,259267,en
00Gu3RMpDW2vO9PjlMVFDL,Hide Away (feat. Envy Monroe),Blasterjaxx,"Don't run away, it's getting colder Our hearts unite, we're getting closer You and I can be anything Kings and queens, just hold on to me Up we go, let's dance away Until we up and go This is how we play When we go up and go We're never gonna stop We're never gonna stop Don't you take this night away I can be your hideaway We our lovers 'til the end If you let me inside again If you're holding the clouds I promise I will stay Don't you take this night away I can be I can be your hideaway I'm looking out for a moment Counting stars over and over I believe we can be anything Kings and queens if you hold on to me Up we go, let's dance away Until we up and go This is how we play When we go up and go We're never gonna stop We're never gonna stop Don't you take this night away I can be your hideaway We our lovers 'til the end If you let me inside again If you're holding the clouds I promise I will stay Don't you take this night away I can be I can be your hideaway I can be your hideaway Don't run away, it's getting colder Our hearts unite, we're getting closer You and I can be anything Kings and queens, just hold on to me Up we go, let's dance away Until we up and go This is how we play When we go up and go We're never gonna stop We're never gonna stop Don't you take this night away I can be your hideaway We our lovers 'til the end If you let me inside again If you're holding the clouds I promise I will stay Don't you take this night away I can be I can be your hideaway I'm looking out for a moment Counting stars over and over I believe we can be anything Kings and queens if you hold on to me Up we go, let's dance away Until we up and go This is how we play When we go up and go We're never gonna stop We're never gonna stop Don't you take this night away I can be your hideaway We our lovers 'til the end If you let me inside again If you're holding the clouds I promise I will stay Don't you take this night away I can be I can be your hideaway I can be your hideaway",42,5pqG85igfoeWcCDIsSi9x7,Hide Away (feat. Envy Monroe),2019-06-21,Big Room EDM - by Spinnin' Records,7xWdFCrU5Gka6qp1ODrSdK,edm,big room,0.573,0.746,10,-4.894,1,0.0421,0.0249,0.0,0.361,0.134,130.001,188000,en
00GxbkrW4m1Tac5xySEJ4M,Ti volevo dedicare (feat. J-AX & Boomdabash),Rocco Hunt,"Ho una cosa da dirti da tempo Ma‚Ää non ho mai trovato il momento Potrei‚Ää farlo qui, non mi importa se Questa gente mi guarda ridendo Giuro l'altra notte √® stato bello Non‚Ää esci pi√π dal mio cervello Non‚Ää basterebbe un solo anello Tu vali pi√π di ogni gioiello E‚Ää chiss√† se Quando parti poi ritorni qui da me Dimmi se Questo sentimento vale anche per te Balla‚Ää finch√© Rimanendo ad occhi chiusi Mi dai un bacio e poi ti scusi Resta qui solo un secondo in pi√π perch√© Ti volevo dedicare, mille canzoni scritte Una chitarra da accordare, in quelle notti Fino a quando sale sale il sole e perdi il conto delle ore Ti volevo dedicare quello che provo e non so cos'√® Quello che provo Non diciamo per sempre perch√© mai nulla dura in eterno Se credi troppo nei sogni poi ti risvegliano sul pi√π bello Tutto sembra un d√©j√† vu Mille parole alla TV Coca Cola e Malibu Balliamo come una trib√π E chiss√† se Quando parti poi ritorni qui da me Dimmi se Questo sentimento vale anche per te Balla finch√© Rimanendo ad occhi chiusi Mi dai un bacio e poi ti scusi Resta qui solo un secondo in pi√π perch√© Ti volevo dedicare, mille canzoni scritte Una chitarra da accordare, in quelli notti Fino a quando sale sale il sole e perdi il conto delle ore Ti volevo dedicare quello che provo e non so cos'√® Quello che provo Non so fare serenate sere nere a Asereje Non seguo la moda ma ritorno, vinile Non so se Maradona era meglio di Pel√© Ma il calcio femminile √® di sicuro pi√π virile Donne contro maschi, servono entrambi Anche se diversi come gli occhi degli Husky Amo gli incostanti, parti come Heidi Ti spogli come Miley, tutta fatta come Billie Eilish Quando sei vicina sei polemica (oh) Quando sei lontana sei l'america Fai scorrere sangue nella mia vena poetica Come Lucio Dalla parte la mia mano che ti fa una dedica Penso a te e le parole escono in metrica √à facile trovarle come l'erba su Telegram Qui le bugie sono in vendita E tu sei il siero della verit√†, meglio del Pentotal La sensazione che a volte mi sale E che stiamo bene come spiagge e maree Come barche all'orizzonte, ci perdiamo tra le onde Bene e male si confonde, tra le nostre ombre Fino a quando sale il sole, perdi il conto delle ore Ti volevo dedicare quello che provo e non so cos'√® Quello che provo non so cos'√® Ti volevo dedicare quello che provo e non so cos'√®",78,57L1NgMlfxscOxHhmfLjqg,Libert√†,2019-08-30,Musica Italiana 2020 - Playlist Pop & Hip-Hop (Canzoni Italiane 2020),6kVFIQBhLT4003iw2WWEv1,r&b,hip pop,0.754,0.725,8,-6.058,1,0.0661,0.0104,0.0,0.192,0.271,120.002,208133,it
00hdjyXt6MohKnCyDmhxOL,Una Vaina Loca,Fuego,Fuego Uoh uoh uoh La musiica del futuroo Yeah!! Una vaina loca Que me lleva ala gloria Nunca he sentido nada como eto en mi vida Ella me descontrola Cuando estamos a solas Cuando yo siento eso es una vaina ratata Todas las noche ella me desea Contigo yo lo hago donde sea Se muere porque quiere que la pege a la pared Le gustan los tigueres que son juguetones Quiere que le cambie de posiciones Y le gusta y disfruta duro quiere que le de Una vaina loca Que me lleva a la gloria Nunca he sentido nada como eto en mi vida Ella me descontrola Cuando estamos a solas Cuando yo siento eso es una vaina ratata Diablo que buena tu ta con tu pum-pum-pum Yo voy a darte por tu pum-pum-pum Cuando te choco mami tum-tum-tum Si lo hacemos en mi carro acemos brum-brum-brum Llevo mi tanque full Ella quiere que baje pal sur Y grita wou-wou-wou Con actitud Shory voy a darte luz Una vaina loca Que me lleva ala gloria Nunca he sentido nada como eto en mi vida Ella me descontrola Cuando estamos a solas Cuando yo siento eso es una vaina ratata Una vaina loca (tu me tiene loco mami) Locaa (tu sabe) Nadie como ella en mi vida (el manbo bacano) Me descontrola (soy yo) Cuando estamos a solas (F-u-e-g-o...Fuego) Es una baina ratata (yah) Todas las noche ella me desea Contigo yo lo hago donde sea Se muere porque quiere que la pege a la pared Le gustan los tigueres que son juguetones Quiere que le cambie de posiciones Y le gusta y disfruta duro quiere que le de Una vaina loca Que me lleva ala gloria Nunca he sentido nada como eto en mi vida Ella me descontrola Cuando estamos a solas Cuando yo siento eso es una vaina ratata,1,01nV3KuocS1NJHTsJbPkTO,Una Vaina Loca,2011-11-02,MIX LATIN POP¬∞,6IS6XTdbS9qJZgfjNKgpB8,latin,latin pop,0.794,0.882,1,-5.589,1,0.0361,0.114,7.979999999999999e-05,0.062,0.642,117.009,188213,es
00HIh9mVUQQAycsQiciWsh,Limestone,Magic City Hippies,"How many friends are you gonna set on fire? How many hearts are gonna end in flames? How many nights are you gonna play vampire Writing a book of crossed out names? I don't want to be alone Thinking about, thinking about the days I don't want to be alone Thinking about the days That you, you were running after me You, you were all the I could see How many lives are you gonna let expire? How many sparks of love have died in vain? How many nights will it take till you grow tired Hunting for the one that got away? I don't want to be alone Thinking about, thinking about the days I don't want to be alone Thinking about the days That you, you were running after me You, you were all the I could see Never never gonna make a home Sitting on a skull mountain throne Limestone, you'll be digging up, digging up the graves Limestone, you'll be digging up the graves That you, you were running after me You, and Louis Michelle Chablis You, you were all that I could see You, were light dancing on the sea",58,7mtoEwzZYBqG8JYItxcccG,Hippie Castle EP,2015-07-24,Indie Poptimism,1pZWCY50kMUhshcESknir8,pop,indie poptimism,0.706,0.457,4,-9.359,1,0.0383,0.282,0.00849,0.0614,0.723,78.014,209165,en
00i0O74dXdaKKdCrqHnfXm,La Mordidita,Ricky Martin,"Ihhh-yo! Ihhh-ye! Son√≥ la campana y el fin de semana se deja ver (Sha-la-la, la-la-la) Vestido, de traje, lujuria salvaje bajo mi piel Si Dios puso la manzana fue para morder Ay, Dios! Pequemo' abrazaditos hasta el amanecer Llego la fiesta, pa' tu boquita Toda la noche, todito el d√≠a Vamo' a ba√±arnos en la orillita Que la marea est√° pica'ita-ita-ita Una mordidita, una mordidita Una mordidita, de tu boquita Una mordidita, una mordidita Una mordidita, de tu boquita Tus labios, mis dientes Bocado crujiente, rico pastel Fuego en tus pupilas, tu cuerpo destila tequila y miel Si Dios puso la manzana fue para morder Ay, Dios! Pequemo' abrazaditos hasta el amanecer Llego la fiesta, pa' tu boquita Toda la noche, todito el d√≠a Vamo' a ba√±arnos en la orillita Que la marea est√° pica'ita-ita-ita Una mordidita, una mordidita Una mordidita, de tu boquita Una mordidita, una mordidita Una mordidita, de tu boquita Quiero pensar, que no eres real Me parece natural, letal, as√≠ te pones a bailar No te pones freno cuando te pones a sudar Vamo' a lo low, para sentir tu flow Pa' ense√±arte ni√±a, pa' llamar la atenci√≥n Te mantiene en tensi√≥n, sin bajar la presi√≥n El sudor tiene cura pa' frenar la tensi√≥n D√©-ja-me moderte, estoy vampiro bien demente D√©-ja-me moderte, te lo juro y si la gente D√©-ja-me moderte, bien despacito y b√∫scame D√©-ja-me moderte, amarradito bien demente Llego la fiesta, pa' tu boquita Toda la noche, todito el d√≠a Vamo' a ba√±arnos en la orillita Que la marea est√° pica'ita-ita-ita Una mordidita, una mordidita Una mordidita, de tu boquita Una mordidita, una mordidita Una mordidita Est√° pica'ita-ita-ita Est√° pica'ita-ita-ita Llego la fiesta, pa' tu boquita Toda la noche, todito el d√≠a Vamo' a ba√±arnos en la orillita Que la marea est√° pica'ita-ita-ita Ihhh-yo! Ihhh-ye! Son√≥ la campana y el fin de semana se deja ver (Sha-la-la, la-la-la) Vestido, de traje, lujuria salvaje bajo mi piel Si Dios puso la manzana fue para morder Ay, Dios! Pequemo' abrazaditos hasta el amanecer Llego la fiesta, pa' tu boquita Toda la noche, todito el d√≠a Vamo' a ba√±arnos en la orillita Que la marea est√° pica'ita-ita-ita Una mordidita, una mordidita Una mordidita, de tu boquita Una mordidita, una mordidita Una mordidita, de tu boquita Tus labios, mis dientes Bocado crujiente, rico pastel Fuego en tus pupilas, tu cuerpo destila tequila y miel Si Dios puso la manzana fue para morder Ay, Dios! Pequemo' abrazaditos hasta el amanecer Llego la fiesta, pa' tu boquita Toda la noche, todito el d√≠a Vamo' a ba√±arnos en la orillita Que la marea est√° pica'ita-ita-ita Una mordidita, una mordidita Una mordidita, de tu boquita Una mordidita, una mordidita Una mordidita, de tu boquita Quiero pensar, que no eres real Me parece natural, letal, as√≠ te pones a bailar No te pones freno cuando te pones a sudar Vamo' a lo low, para sentir tu flow Pa' ense√±arte ni√±a, pa' llamar la atenci√≥n Te mantiene en tensi√≥n, sin bajar la presi√≥n El sudor tiene cura pa' frenar la tensi√≥n D√©-ja-me moderte, estoy vampiro bien demente D√©-ja-me moderte, te lo juro y si la gente D√©-ja-me moderte, bien despacito y b√∫scame D√©-ja-me moderte, amarradito bien demente Llego la fiesta, pa' tu boquita Toda la noche, todito el d√≠a Vamo' a ba√±arnos en la orillita Que la marea est√° pica'ita-ita-ita Una mordidita, una mordidita Una mordidita, de tu boquita Una mordidita, una mordidita Una mordidita Est√° pica'ita-ita-ita Est√° pica'ita-ita-ita Llego la fiesta, pa' tu boquita Toda la noche, todito el d√≠a Vamo' a ba√±arnos en la orillita Que la marea est√° pica'ita-ita-ita",69,375cUd86z58eqXN2yW3Do9,A Quien Quiera Escuchar (Deluxe Edition),2015-02-10,Fiesta Latina Mix üéàüéâüíÉüèªüï∫üèª‚òÄÔ∏èüèñ,2kY6lVc5EcVfI5WNKmPQQG,latin,latin pop,0.725,0.903,0,-2.955,1,0.0658,0.0344,0.0,0.183,0.946,142.006,211680,es
00i2HU7TEzzftShjRrDSEF,Changes,2Pac,"I see no changes, wake up in the morning and I ask myself Is life worth livin'? Should I blast myself? I'm tired of bein' poor and, even worse, I'm black My stomach hurts so I'm lookin' for a purse to snatch Cops give a damn about a negro Pull the trigger, kill a nigga, he's a hero""Give the crack to the kids, who the hell cares? One less hungry mouth on the welfare!""First ship 'em dope and let 'em deal to brothers Give 'em guns, step back, watch 'em kill each other""It's time to fight back,"" that's what Huey said Two shots in the dark, now Huey's dead I got love for my brother But we can never go nowhere unless we share with each other We gotta start makin' changes Learn to see me as a brother instead of two distant strangers And that's how it's supposed to be How can the Devil take a brother if he's close to me? I'd love to go back to when we played as kids But things change‚Ä¶ and that's the way it is That's just the way it is Things'll never be the same That's just the way it is, aww yeah That's just the way it is Things'll never be the same That's just the way it is, aww yeah I see no changes, all I see is racist faces Misplaced hate makes disgrace to races We under, I wonder what it takes to make this One better place, let's erase the wasted Take the evil out the people, they'll be actin' right‚ÄòCause both black and white are smokin' crack tonight And the only time we chill is when we kill each other It takes skill to be real, time to heal each other And although it seems heaven-sent We ain't ready to see a black president It ain't a secret, don't conceal the fact The penitentiary's packed and it's filled with blacks But some things will never change Try to show another way but you stayin' in the dope game Now tell me, what's a mother to do? Bein' real don't appeal to the brother in you You gotta operate the easy way ""I made a G today,"" but you made it in a sleazy way Sellin' crack to the kids ""I gotta get paid!"" ‚Äî well hey, but that's the way it is That's just the way it is Things'll never be the same That's just the way it is, aww yeah That's just the way it is Things'll never be the same That's just the way it is, aww yeah We gotta make a change It's time for us as a people to start makin' some changes Let's change the way we eat Let's change the way we live And let's change the way we treat each other You see the old way wasn't workin' So it's on us to do what we gotta do to survive And still I see no changes; can't a brother get a little peace? It's war on the streets and a war in the Middle East Instead of war on poverty They got a war on drugs so the police can bother me And I ain't never did a crime I ain't have to do But now I'm back with the facts, givin' it back to you Don't let 'em jack you up, back you up Crack you up and pimp-smack you up You gotta learn to hold your own They get jealous when they see you with your mobile phone But tell the cops they can't touch this I don't trust this, when they try to rush I bust this That's the sound of my tool You say it ain't cool, my mama didn't raise no fool And as long as I stay black, I gotta stay strapped And I never get to lay back ‚ÄòCause I always got to worry 'bout the payback Some buck that I roughed up way back Comin' back after all these years""Rat-a-tat-tat-tat-tat,"" that's the way it is That's just the way it is Things'll never be the same That's just the way it is, aww yeah (You're my brother, you're my sister) That's just the way it is Things'll never be the same That's just the way it is, aww yeah Some things'll never change",72,4Y9ISbppFbwk0r1XCLUi0I,The Best of 2Pac - Pt. 1: Thug,2007-01-01,90s Gangsta Rap / Top Hip-hop Classics,0C2zyPdlkbWHrwVg9gqNdU,rap,gangster rap,0.865,0.657,7,-6.722,1,0.076,0.0404,0.0,0.14,0.316,111.115,268960,en
00Ia46AgCNfnXjzgH8PIKH,Latina (feat. Maluma),Reykon,"NA (Uh, ah, uh) Reykon, ey (Ah, oh) Maluma Mamacita (Ooh) Esto es pa' vos Dijiste que te llevara al cielo sin salir de la habitaci√≥n Me recompensabas, te hice salir de tu zona de confort De ti s√≥lo me diste una probada Yo inocente ando esperando tu llamada Y no llegaba (Alright, alright) T√∫ ere' m√°s bella, m√°s fina, qu√© latina m√°s dura (Dura, dura) Probarte fue mi cura (Jajaja) Qu√© tremenda cintura, wow-wuoh, oh-oh-oh-oh M√°s bella, m√°s fina, hay m√°s feelin', m√°s dura y m√°s bella (M√°s bella) Yo te llev√© a las estrellas T√∫ me dejaste en la luna (Uh, uh-uh) ¬øQuiere' m√°', ma'? ¬øQuiere' flama? S√≥lo llama Porque quiere' m√°s duro Ay, qu√© divina cintura (Mamacita)¬øQuiere' m√°', ma'? ¬øQuiere' flama? S√≥lo llama Porque quiere' m√°s duro (Duro, duro) Hasta que se caiga la luna Yo soy Reykon El L√≠der, ¬°ah! Es que ella tiene un movimiento diferente (Eh) Como Romeo le har√© una propuesta indecente (Eh) El problema est√° en que me conteste (Eh) Y repitamo' lo que hicimo' el vierne' Toda la semana t√∫ y yo en mi cama No te haga' la que no cree', yo s√© qu√© te trama' Con una probada qued√≥ enamorada Y amanecimos como Becky, sin pijama (¬°Wuh! Yo soy Reykon El L√≠der, ah) Qu√© t√∫ ere' m√°s bella, m√°s fina, qu√© latina m√°s dura (Dura, dura) Probarte fue mi cura (T√∫ sabe') Ay, qu√© tremenda cintura, uh, uh-uh Es m√°s bella, m√°s fina, hay m√°s feelin', m√°s dura y m√°s bella (Baby) Te llev√© a las estrellas T√∫ me dejaste en la luna, wow-wuoh, oh-oh-oh-oh ¬øQuiere' m√°', ma'? ¬øQuiere' flama? S√≥lo llama Porque quiere' m√°s duro (Dile) Ay, qu√© tremenda cintura (Mamacita)¬øQuiere' m√°', ma'? ¬øQuiere' flama? S√≥lo llama Porque quiere' m√°s duro Hasta que se caiga la luna Maluma, baby, dice Es que a ninguna monto en el Ferrari, mami Mira, no he vuelto a salir de party (Sabe') Prefiero mi cama con tu body Viendo Netflix y fumando mari (Dile) Es que contigo todo se siente m√°' rico (Jaja) Empezando, ma', por tus besitos T√∫ cumple' con to' los requisitos Si no has entendido te lo explico Dijiste que te llevara al cielo sin salir de la habitaci√≥n Me recompensabas, te hice salir de tu zona de confort De ti s√≥lo me diste una probada Yo inocente ando esperando tu llamada Y no llegaba (Dice) T√∫-T√∫-T√∫ ere' m√°s bella, m√°s fina, qu√© latina m√°s dura (Dura, dura) Probarte fue mi cura (Cura) Ay, qu√© tremenda cintura, uh, uh-uh Es m√°s bella, m√°s fina, hay m√°s feelin', m√°s dura y m√°s bella (Baby) Te llev√© a las estrellas T√∫ me dejaste en la luna, wow-wuoh, oh-oh-oh-oh Soy Reykon El L√≠der, ey-ey, que no se te olvide Reykon Con mi Maluma, baby Alright, alright Maluma, baby El envida'o pa'l mundo entero, pa' que sepa' Black Angels El K√©nsel Tenso Beats Dice Chez Tom, Chez Tom, Chez Tom (D√≠selo Chez) Che-Chez Tom Parcero, poniendo a bailar to'a las mamacitas (Pretty boy, dirty boy, ey) Reykon y Maluma Lo que todos quer√≠an, lo que todos esperaban Reykon (Yo te llev√© a las estrellas) Maluma (T√∫ me dejaste en la luna) Dame un call, baby I love you (Uh, uh-uh)",74,0S3696V7LiaqAJ3DKChAdL,Latina (feat. Maluma),2019-05-31,LATIN POP 2020 üî• Pop latino actual,2kKzN3kRYDzBctlaWs7CP2,latin,latin pop,0.826,0.713,9,-4.017,0,0.129,0.0748,0.0,0.331,0.75,102.071,226739,es
00ITtxUozN0vifE2uYvtqn,Let Me Entertain You - Remastered 2011,Queen,"Hey, it's a sellout! Hey! Let me welcome you, ladies and gentlemen I would like to say hello Are you ready for some entertainment? Are you ready for a show? Gonna rock you, gonna to roll you, get you dancing in the aisles Jazz you, razzamatazz you with a little bit of style C'mon, let me entertain you Let me entertain you Let me entertain you Let me entertain you I've come here to sell you my body I can show you some good merchandise I'll pull you and I'll pill you, I'll Cruella DeVille you And to thrill you, I'll use any device Ah, ha ha ha ha... We'll give you crazy performance We'll give you grounds for divorce We'll give you piece de resistance And a tour de force, of course! We found the right location Got a lot of pretty lights The sound and amplification, listen, hey!If you need a fix, if you want a high, Stickells'll see to that With Elektra and EMI, we'll show you where it's at So c'mon, let me entertain you Let me entertain you Let me entertain you Let me entertain you NA Just take a look at the menu We give you rock a la carte We'll breakfast at Tiffany'sWe'll sing to you in Japanese We're only here to entertain you If you wanna see some action, you get nothing but the best The S and M attraction, we've got the pleasure chest Chicago down to New Orleans, we get you on the line If you dig the New York scene We'll have a son-of-a-bitch-of-a-time Come on, let me entertain Let me entertain Let me entertain you Through the night NA Hey, where's my backstage pass? That was a bit of a riot, yeah? Good - great one, outrageous costume! Hey, that Brian May, he's outta sight, man! Not many, not many... no, it's true! Woah, what is up with that? Funny... I always wanted to be a groupie! Oh man, I could give less of a shit if you wanted... C'mon! Oh, oh!",41,2yuTRGIackbcReLUXOYBqU,Jazz (2011 Remaster),1978-11-10,The Queen - La Discografia Completa,3E88dLx4fgFYY70gdGzdnB,rock,album rock,0.521,0.902,11,-4.8260000000000005,0,0.197,0.0164,0.00105,0.737,0.5920000000000001,104.708,181693,en
00LfFm08VWeZwB0Zlm24AT,Suga Suga,Baby Bash,"So tight, so fly You got me lifted, you got me lifted You got me lifted shifted higher than a ceiling And ooh wee it's the ultimate feeling You got me lifted feeling so gifted Sugar how you get so fly? Suga suga how you get so fly? Suga suga how you get so fly? Suga suga how you get so fly? Suga suga how you get so fly? You know it's leather when we ride We're flinging rawhide Doing what we do, watching screens getting high Gurl you keep it so fly with you sweet hunnybuns You was there when the money was gone You'll be there when the money comes Off top I can't lie I love to get blowed You my lil'sugar, I'm yo little chulo And every time we kick it it's off to the groovy Treat you like my sticky ickey or my sweet oowy goowy (fa real though) You got me lifted shifted higher than a ceiling And ooh wee it's the ultimate feeling You got me lifted feeling so gifted Sugar how you get so fly? Suga suga how you get so fly? Suga suga how you get so fly? Suga suga how you get so fly? Suga suga how you get so fly? Now I ain't worried about a thang cause I just hit me a lick I got a fat sack and a superfly chick There ain't nothing you can say to a playa Cause doowop, she fly like the planes in the air That's right she's full grown setting the wrong tone I'm digging the energy and I'm loving the o-zone So fly like a dove so fly like a raven Quick to politic with some fly conversation In a natural mood then I'm a natural dude And we some natural fools blowing out by the pool She like my sexy-cool mama with blades on her berata Rockin' Dolce Gabbana (Italian) with highdrows and a Cubana You got me lifted shifted higher than a ceiling And ooh wee it's the ultimate feeling You got me lifted feeling so gifted Sugar how you get so fly? Suga suga how you get so fly? Suga suga how you get so fly? Suga suga how you get so fly? Suga suga how you get so fly? You know it's leather when we ride We're flinging rawhide Doing what we do, watching screens getting high Gurl you keep it so fly with you sweet hunnybuns You was there when the money was gone You'll be there when the money comes You know it's leather when we ride We're flinging rawhide Doing what we do, watching screens getting high Gurl you keep it so fly with you sweet hunnybuns You was there when the money was gone You'll be there when the money comes (fa real though) You got me lifted shifted higher than a ceiling And ooh wee it's the ultimate feeling You got me lifted feeling so gifted Sugar how you get so fly? Suga suga how you get so fly? Suga suga how you get so fly? Suga suga how you get so fly? Suga suga how you get so fly? So high like I'm a star So high like I'm a star So high like I'm a star So high like I'm a star Azucar",8,2bAkYizbM1rMbOUHpfAV9z,Tha Smokin' Nephew,2003-01-01,90s/00s Hip Hop & RnB,0Ar0Ng9DlAWZtSPBvOQgOa,r&b,hip pop,0.662,0.748,5,-3.0410000000000004,0,0.268,0.688,8.43e-06,0.0841,0.535,82.331,239027,en
00lNx0OcTJrS3MKHcB80HY,You Don't Know Me - Radio Edit,Jax Jones,"Ooh, na-na, yeah Don't act like you know me, like you know me, na-na, yeah I am not your homie, not your ho‚Äî Ooh, na-na, yeah Don't act like you know me, like you know me, na-na, yeah You don't know me What you-what you gon' do? Oh, yeah, time is money so don't fuck with mine See I'm out with my girls, I'ma have a good time Step back with your chit-chat, killin' my vibe Oh, oh, woah, oh, ah See, I can't get too much of a good thing, mmm S'why me a dressed up in the finest things, woah Please hold your tongue, don't say a damn thing See your iPhone camera flashin' Please step back, it's my style you're crampin' ""You here for long?"" ""Oh no, I'm just passin'"" ""Do you wanna drink?"" ""Nah, thanks for askin'"" Ooh, na-na, yeah Don't act like you know me, like you know me, na-na, yeah I am not your homie, not your ho‚Äî Ooh, na-na, yeah Don't act like you know me, like you know me, na-na, yeah You don't know me, fuck yeah Ooh, na-na, yeah Don't act like you know me, like you know me, na-na, yeah I am not your homie, not your ho‚Äî Ooh, na-na, yeah Don't act like you know me, like you know me, na-na, yeah You don't know me, fuck yeah I mean, we could throw shapes together But it doesn't mean you're in my circle, yeah Cruise through life and I'm feelin' on track If you can't keep up, then you better fall back, uh 'Cause money look better when I see it all stacked up Ooh-ooh-ooh-ooh See, I can't get too much of a good thing, mmm S'why me a dressed up in the finest things, woah Please hold your tongue, don't say a damn thing See your iPhone camera flashin' Please step back, it's my style you're crampin' ""You here for long?"" ""Oh no, I'm just passin'"" ""Do you wanna drink?"" ""Nah, thanks for askin'"" Ooh, na-na, yeah Don't act like you know me, like you know me, na-na, yeah I am not your homie, not your ho‚Äî Ooh, na-na, yeah Don't act like you know me, like you know me, na-na, yeah You don't know me, fuck yeah Ooh, na-na, yeah Don't act like you know me, like you know me, na-na, yeah I am not your homie, not your ho‚Äî Ooh, na-na, yeah Don't act like you know me, like you know me, na-na, yeah You don't know me, fuck yeah Come 'round here, just know though Won't get what you want, what you want, what you want, want Tell you what you don't know I get what I want, what I want, what I want, want See your iPhone camera flashin' Please step back, it's my style you're crampin' ""You here for long?"" ""Oh no, I'm just passin'"" ""Do you wanna drink?"" ""Nah, thanks for askin'"" Ooh, na-na, yeah Don't act like you know me, like you know me, na-na, yeah I am not your homie, not your ho‚Äî Ooh, na-na, yeah Don't act like you know me, like you know me, na-na, yeah You don't know me, fuck yeah You don't know me, fuck yeah",14,4eYnvtB4sTtfGr0903YMn4,You Don't Know Me,2016-12-09,BALLARE - ÿ±ŸÇÿµ,1CMvQ4Yr5DlYvYzI0Vc2UE,pop,post-teen pop,0.8759999999999999,0.669,11,-6.053999999999999,0,0.138,0.163,0.0,0.185,0.682,124.007,213947,en
00NAQYOP4AmWR549nnYJZu,Secrets,The Weeknd,"Everybody here wants you My love, my love And I know that you want 'em too My love, my love I ask you what your heart desires My love, my love You tell me I'm the only one My love, my love It's a lie, a lie I catch you every time In your lies, your lies Every time you close your eyes I hear the secrets that you keep When you're talkin' in your sleep I hear the secrets that you keep, keep, keep When you're talk, talkin', talkin' I hear the secrets that you keep When you're talkin' in your sleep I hear the secrets that you keep, keep, keep When you're talk, talkin', talkin' You told me not to worry 'bout Those guys, those guys You told me that you left it all behind Behind It's a lie, a lie I catch you every time In your lies, your lies Every time you close your eyes I hear the secrets that you keep When you're talkin' in your sleep I hear the secrets that you keep, keep, keep When you're talk, talkin', talkin' I hear the secrets that you keep When you're talkin' in your sleep I hear the secrets that you keep, keep, keep When you're talk, talkin', talkin' Wipe the... Lies from your eyes I see that you're not mine I can see the lust in your eyes You can't hide it You can't be the one I realize, we're divided I hear the secrets that you keep When you're talkin' in your sleep I hear the secrets that you keep, keep, keep When you're talk, talkin', talkin' I hear the secrets that you keep When you're talkin' in your sleep I hear the secrets that you keep, keep, keep When you're talk, talkin', talkin'",71,2ODvWsOgouMbaA5xf0RkJe,Starboy,2016-11-25,Urban Contemporary,4Pbs84EQbuAblxlp6Chz0d,r&b,urban contemporary,0.665,0.7709999999999999,0,-5.779,1,0.0533,0.0155,9.6e-06,0.46,0.764,109.945,265600,en
00nvL9u5K8jEJ6TSxGdtPK,Me Enamor√©,Jay Wheeler,"NA Yeah-yeah, yeih ""La Voz Favorita"", baby, -y Hola, ¬øqu√© tal? ¬øc√≥mo t√∫ est√°s? No quisiera molestarte, pero tuve‚ÄÖque‚ÄÖllamarte S√© que quiz√°s‚ÄÖno lo esperabas Pero tengo que confesarte‚ÄÖque me muero por besarte Me tienes loco y no lo puedo negar Y cuando me miras no s√© c√≥mo reaccionar Cambiaste todo, no puedo ni pensar Me tuve que desahogar, no vayas a cambiar Me enamor√©, s√≠, me enamor√© Entre tantos corazones en el tuyo me qued√© Y me enamor√©, s√≠, me enamor√© Y no pude evitarlo, por m√°s que lo intent√© Me enamor√©, me enamor√©, yeih, yeih (Oh-oh, oh, oh, oh) Me enamor√©, me enamor√©, ah-ah-ah-ah, ah-ah-ah-ah S√© que te cuesta confiar, culpas tu pasado No quieres volver a empezar por todo lo que has llorado Pensando que todos son igual no quieres perder tu tiempo No s√© si me vas a ignorar por decirte lo que siento Ya no voy a callar, no Si me permites, contigo me quedo (Yeah) Tengo que aceptarlo Trato de no pensarte, pero ya no puedo Me enamor√©, s√≠, me enamor√© Entre tantos corazones en el tuyo me qued√© Y me enamor√©, s√≠, me enamor√© Y no pude evitarlo, por m√°s que lo intent√© Imaginando que te tengo aqu√≠, quisiera que digas que s√≠ ¬øQu√© puedo hacer si siempre te extra√±o? No s√© en lo que me convert√≠, pero cuando te vi Siento que todo cambi√≥ Estoy enamorado y no lo niego, yeah Si t√∫ no est√°s me siento ciego Olvidarte yo no puedo T√∫ tienes todo lo que quiero Me enamor√©, s√≠, me enamor√© (Yeah-yeah, yeah-yeah) Me enamor√©, s√≠, me enamor√© Y no pude evitarlo, por m√°s que lo intent√© (Yeah-yeah, yeah-yeah; nah) ""La Voz Favorita"", baby",62,2Xz6s5xkP24hNqWCWHSsww,Plat√≥nico,2019-11-28,Latin Pop Rising,37i9dQZF1DX8womvTyUjrN,latin,latin pop,0.495,0.357,11,-7.555,1,0.0439,0.968,0.00104,0.118,0.456,179.74,253830,es
